,Ingredient,Similar Ingredient,Word2Vec Value
0,국간장,참기름,0.949692964553833
1,국간장,소금,0.9494410753250122
2,국간장,다진마늘,0.9494078159332275
3,국간장,설탕,0.9492651224136353
4,국간장,청고추,0.947664201259613
5,국간장,고춧가루,0.9476318955421448
6,국간장,대파,0.9465838074684143
7,국간장,후춧가루,0.9462869167327881
8,국간장,홍고추,0.946133017539978
9,국간장,물,0.9435338973999023
10,다진마늘,소금,0.992348849773407
11,다진마늘,참기름,0.9888379573822021
12,다진마늘,설탕,0.9883875846862793
13,다진마늘,후춧가루,0.9875980019569397
14,다진마늘,홍고추,0.9870870113372803
15,다진마늘,청고추,0.9865548610687256
16,다진마늘,고춧가루,0.9850344061851501
17,다진마늘,대파,0.984851598739624
18,다진마늘,물,0.9847634434700012
19,다진마늘,무,0.9842028617858887
20,도라지,소금,0.9313763380050659
21,도라지,다진마늘,0.929617702960968
22,도라지,설탕,0.9292853474617004
23,도라지,대파,0.929214358329773
24,도라지,청고추,0.9291577339172363
25,도라지,참기름,0.9286268949508667
26,도라지,후춧가루,0.9270434379577637
27,도라지,홍고추,0.9261620044708252
28,도라지,다진파,0.9254464507102966
29,도라지,고춧가루,0.9249399900436401
30,계란,소금,0.9813178777694702
31,계란,다진마늘,0.9786901473999023
32,계란,설탕,0.9779946804046631
33,계란,고추장,0.9773568511009216
34,계란,홍고추,0.9773225784301758
35,계란,후춧가루,0.9771326184272766
36,계란,참기름,0.9761232137680054
37,계란,고춧가루,0.9751048684120178
38,계란,식용유,0.9741857647895813
39,계란,청고추,0.9735467433929443
40,설탕,소금,0.9913829565048218
41,설탕,다진마늘,0.9883877038955688
42,설탕,홍고추,0.9874320030212402
43,설탕,후춧가루,0.9870539903640747
44,설탕,참기름,0.986745297908783
45,설탕,청고추,0.9853904247283936
46,설탕,고춧가루,0.9834892749786377
47,설탕,대파,0.9831797480583191
48,설탕,고추장,0.9827625751495361
49,설탕,식용유,0.9823796153068542
50,고추장,소금,0.9853469133377075
51,고추장,다진마늘,0.9838090538978577
52,고추장,후춧가루,0.9829965829849243
53,고추장,설탕,0.9827624559402466
54,고추장,참기름,0.9822205901145935
55,고추장,홍고추,0.9799668788909912
56,고추장,청고추,0.9798817038536072
57,고추장,고춧가루,0.9783259034156799
58,고추장,미나리,0.9780182838439941
59,고추장,계란,0.9773568511009216
60,소금,참기름,0.9924026131629944
61,소금,다진마늘,0.992348849773407
62,소금,후춧가루,0.9915012717247009
63,소금,설탕,0.9913828372955322
64,소금,홍고추,0.9896429777145386
65,소금,청고추,0.9890413284301758
66,소금,대파,0.9888425469398499
67,소금,고춧가루,0.9886122941970825
68,소금,다진파,0.9870052337646484
69,소금,무,0.9864774346351624
70,쌀,홍고추,0.956139326095581
71,쌀,소금,0.9545224905014038
72,쌀,다진마늘,0.9540997743606567
73,쌀,후춧가루,0.9540888071060181
74,쌀,청고추,0.9533641338348389
75,쌀,참기름,0.953361451625824
76,쌀,설탕,0.953301191329956
77,쌀,고춧가루,0.9512701034545898
78,쌀,물,0.9494704008102417
79,쌀,대파,0.9493503570556641
80,다진파,소금,0.9870052337646484
81,다진파,참기름,0.9837822914123535
82,다진파,다진마늘,0.9835137128829956
83,다진파,후춧가루,0.9821459054946899
84,다진파,홍고추,0.9818165302276611
85,다진파,대파,0.9800357818603516
86,다진파,청고추,0.980026364326477
87,다진파,설탕,0.9797122478485107
88,다진파,고춧가루,0.9780795574188232
89,다진파,무,0.9780252575874329
90,미나리,소금,0.985719621181488
91,미나리,다진마늘,0.9821334481239319
92,미나리,후춧가루,0.9818621873855591
93,미나리,참기름,0.981278657913208
94,미나리,설탕,0.9802021384239197
95,미나리,홍고추,0.9795488119125366
96,미나리,고춧가루,0.9794962406158447
97,미나리,대파,0.9789206981658936
98,미나리,고추장,0.9780182838439941
99,미나리,다진파,0.9777303338050842
100,숙주,청고추,0.9411889314651489
101,숙주,소금,0.9408241510391235
102,숙주,설탕,0.9387459754943848
103,숙주,양파,0.9385647773742676
104,숙주,다진마늘,0.9371997714042664
105,숙주,참기름,0.9370608329772949
106,숙주,후춧가루,0.9363794922828674
107,숙주,홍고추,0.9355455636978149
108,숙주,다진파,0.9343406558036804
109,숙주,무,0.9342999458312988
110,콩나물,소금,0.9324984550476074
111,콩나물,표고버섯,0.9318559169769287
112,콩나물,후춧가루,0.9301307201385498
113,콩나물,설탕,0.9297982454299927
114,콩나물,홍고추,0.9295488595962524
115,콩나물,참기름,0.9293279647827148
116,콩나물,청고추,0.9278609752655029
117,콩나물,대파,0.9268029928207397
118,콩나물,오이,0.9261932373046875
119,콩나물,다진마늘,0.9255319237709045
120,참기름,소금,0.9924025535583496
121,참기름,다진마늘,0.9888379573822021
122,참기름,후춧가루,0.9877104163169861
123,참기름,설탕,0.9867451190948486
124,참기름,홍고추,0.9857525825500488
125,참기름,청고추,0.9857492446899414
126,참기름,고춧가루,0.9847098588943481
127,참기름,대파,0.9841266870498657
128,참기름,다진파,0.9837822914123535
129,참기름,물,0.9826582074165344
130,고사리,무,0.849640965461731
131,고사리,소금,0.848469078540802
132,고사리,계란,0.8484682440757751
133,고사리,다진파,0.8471393585205078
134,고사리,후춧가루,0.8468248844146729
135,고사리,홍고추,0.8463739156723022
136,고사리,설탕,0.8462994694709778
137,고사리,오이,0.8460896611213684
138,고사리,양배추,0.8457033634185791
139,고사리,청고추,0.8456985354423523
140,찹쌀,소금,0.9546271562576294
141,찹쌀,다진마늘,0.9524692296981812
142,찹쌀,참기름,0.9510359168052673
143,찹쌀,청고추,0.9508988857269287
144,찹쌀,후춧가루,0.9501875042915344
145,찹쌀,설탕,0.9493852853775024
146,찹쌀,홍고추,0.9491796493530273
147,찹쌀,고춧가루,0.9489282369613647
148,찹쌀,대파,0.9484477043151855
149,찹쌀,표고버섯,0.9467759132385254
150,콩,다진마늘,0.8044251203536987
151,콩,소금,0.8042004704475403
152,콩,청고추,0.8027242422103882
153,콩,무,0.8023306131362915
154,콩,홍고추,0.8021631836891174
155,콩,설탕,0.8003822565078735
156,콩,후춧가루,0.799672544002533
157,콩,당근,0.7990209460258484
158,콩,고춧가루,0.7985092401504517
159,콩,닭,0.79734206199646
160,팥,소금,0.9034082889556885
161,팥,다진마늘,0.9021998643875122
162,팥,설탕,0.901828408241272
163,팥,대파,0.9017797708511353
164,팥,참기름,0.9015599489212036
165,팥,고춧가루,0.9004458785057068
166,팥,후춧가루,0.8989124298095703
167,팥,표고버섯,0.8980848789215088
168,팥,당근,0.8978530168533325
169,팥,홍고추,0.8974149227142334
170,멥쌀,소금,0.9399724006652832
171,멥쌀,후춧가루,0.9390766024589539
172,멥쌀,대파,0.9376298189163208
173,멥쌀,다진마늘,0.9371157884597778
174,멥쌀,참기름,0.93692946434021
175,멥쌀,물,0.9366943836212158
176,멥쌀,홍고추,0.9362633228302002
177,멥쌀,당근,0.935797929763794
178,멥쌀,고춧가루,0.9351702332496643
179,멥쌀,설탕,0.935051441192627
180,통후추,고춧가루,0.9042320251464844
181,통후추,소금,0.9010629653930664
182,통후추,설탕,0.8990099430084229
183,통후추,청고추,0.8985611200332642
184,통후추,양파,0.8973853588104248
185,통후추,다진마늘,0.8969762921333313
186,통후추,무,0.8957411646842957
187,통후추,홍고추,0.8956926465034485
188,통후추,실파,0.8943458795547485
189,통후추,후춧가루,0.8942884206771851
190,당면,설탕,0.8470550775527954
191,당면,홍고추,0.8420065641403198
192,당면,참기름,0.8414299488067627
193,당면,소금,0.8393760919570923
194,당면,청주,0.8378965258598328
195,당면,간장,0.8377583622932434
196,당면,후춧가루,0.8377251029014587
197,당면,대파,0.8367245197296143
198,당면,피망,0.8356901407241821
199,당면,오이,0.8355454206466675
200,돼지고기,소금,0.9629263877868652
201,돼지고기,홍고추,0.9618631601333618
202,돼지고기,참기름,0.9608650207519531
203,돼지고기,다진마늘,0.9607223272323608
204,돼지고기,다진파,0.9600441455841064
205,돼지고기,설탕,0.958654522895813
206,돼지고기,후춧가루,0.9584506154060364
207,돼지고기,고추장,0.9580498933792114
208,돼지고기,청고추,0.9578315615653992
209,돼지고기,무,0.9576489925384521
210,부추,소금,0.9475744962692261
211,부추,무,0.9458448886871338
212,부추,참기름,0.9456466436386108
213,부추,홍고추,0.9441927075386047
214,부추,설탕,0.9439693093299866
215,부추,후춧가루,0.9436150789260864
216,부추,청고추,0.9430713653564453
217,부추,고춧가루,0.9421799182891846
218,부추,다진마늘,0.9421615600585938
219,부추,대파,0.9421058893203735
220,청고추,소금,0.9890413284301758
221,청고추,다진마늘,0.9865548610687256
222,청고추,참기름,0.9857492446899414
223,청고추,설탕,0.9853904247283936
224,청고추,후춧가루,0.9850785732269287
225,청고추,홍고추,0.98374342918396
226,청고추,고춧가루,0.9818838238716125
227,청고추,대파,0.9813591837882996
228,청고추,양파,0.9811500310897827
229,청고추,무,0.9808380603790283
230,홍고추,소금,0.9896429777145386
231,홍고추,설탕,0.9874319434165955
232,홍고추,다진마늘,0.9870870113372803
233,홍고추,후춧가루,0.9860368967056274
234,홍고추,참기름,0.9857525825500488
235,홍고추,청고추,0.98374342918396
236,홍고추,고춧가루,0.983223557472229
237,홍고추,대파,0.9822201132774353
238,홍고추,무,0.9821630716323853
239,홍고추,다진파,0.9818165302276611
240,표고버섯,소금,0.9848886728286743
241,표고버섯,설탕,0.9817913770675659
242,표고버섯,참기름,0.9814931154251099
243,표고버섯,다진마늘,0.980911135673523
244,표고버섯,청고추,0.9792807102203369
245,표고버섯,홍고추,0.9790604710578918
246,표고버섯,고춧가루,0.9787328243255615
247,표고버섯,후춧가루,0.9785763621330261
248,표고버섯,다진파,0.9773380756378174
249,표고버섯,무,0.9760798215866089
250,진간장,소금,0.9634156227111816
251,진간장,참기름,0.9607701897621155
252,진간장,설탕,0.958321213722229
253,진간장,다진마늘,0.9575260281562805
254,진간장,후춧가루,0.9561111330986023
255,진간장,청고추,0.9555047750473022
256,진간장,표고버섯,0.9554007649421692
257,진간장,대파,0.9551728963851929
258,진간장,고춧가루,0.9542957544326782
259,진간장,무,0.9541367888450623
260,호박,소금,0.967117190361023
261,호박,참기름,0.9647950530052185
262,호박,홍고추,0.9641832709312439
263,호박,후춧가루,0.9639960527420044
264,호박,설탕,0.963805615901947
265,호박,다진마늘,0.962593138217926
266,호박,고춧가루,0.9624346494674683
267,호박,양파,0.9613803625106812
268,호박,대파,0.960563600063324
269,호박,무,0.959784746170044
270,밥,소금,0.9812672138214111
271,밥,다진마늘,0.9796080589294434
272,밥,참기름,0.978252649307251
273,밥,설탕,0.9772680401802063
274,밥,후춧가루,0.9769973754882812
275,밥,대파,0.9754848480224609
276,밥,청고추,0.9745019674301147
277,밥,홍고추,0.9744107723236084
278,밥,무,0.9733163118362427
279,밥,다진파,0.973086416721344
280,당근,소금,0.9844623804092407
281,당근,후춧가루,0.9814885854721069
282,당근,설탕,0.9804344177246094
283,당근,다진마늘,0.9790334701538086
284,당근,홍고추,0.9785443544387817
285,당근,참기름,0.9783684015274048
286,당근,무,0.9770849347114563
287,당근,식용유,0.9769802689552307
288,당근,대파,0.9769759774208069
289,당근,고춧가루,0.9764118194580078
290,고춧가루,소금,0.9886122941970825
291,고춧가루,다진마늘,0.9850344061851501
292,고춧가루,참기름,0.9847098588943481
293,고춧가루,설탕,0.9834892749786377
294,고춧가루,홍고추,0.983223557472229
295,고춧가루,후춧가루,0.9829021096229553
296,고춧가루,청고추,0.9818838238716125
297,고춧가루,대파,0.9817454218864441
298,고춧가루,양파,0.9797719717025757
299,고춧가루,미나리,0.9794961810112
300,파,소금,0.9541789293289185
301,파,후춧가루,0.9521322250366211
302,파,참기름,0.9507524967193604
303,파,설탕,0.9503417015075684
304,파,식용유,0.9502528309822083
305,파,다진마늘,0.9495909214019775
306,파,대파,0.9491586685180664
307,파,청고추,0.9489649534225464
308,파,고춧가루,0.9486755728721619
309,파,홍고추,0.9481351971626282
310,쇠고기,소금,0.9702538847923279
311,쇠고기,다진마늘,0.9686814546585083
312,쇠고기,설탕,0.9670690298080444
313,쇠고기,무,0.9664901494979858
314,쇠고기,참기름,0.9657350778579712
315,쇠고기,홍고추,0.9654009938240051
316,쇠고기,후춧가루,0.965303897857666
317,쇠고기,물,0.9648220539093018
318,쇠고기,청고추,0.9646239280700684
319,쇠고기,고추장,0.9642241597175598
320,마늘,소금,0.9722470641136169
321,마늘,다진마늘,0.971234917640686
322,마늘,참기름,0.9691556692123413
323,마늘,무,0.9688015580177307
324,마늘,설탕,0.9678075909614563
325,마늘,후춧가루,0.9661891460418701
326,마늘,대파,0.9652583003044128
327,마늘,다진파,0.9647451639175415
328,마늘,식용유,0.9647206664085388
329,마늘,새우,0.9643998146057129
330,깨소금,소금,0.9741920232772827
331,깨소금,참기름,0.9713523387908936
332,깨소금,홍고추,0.9713499546051025
333,깨소금,설탕,0.9706891179084778
334,깨소금,후춧가루,0.9703954458236694
335,깨소금,다진마늘,0.9702927470207214
336,깨소금,청고추,0.9697978496551514
337,깨소금,다진파,0.9670544862747192
338,깨소금,표고버섯,0.966760516166687
339,깨소금,대파,0.9657843708992004
340,물,소금,0.9855344295501709
341,물,다진마늘,0.9847634434700012
342,물,참기름,0.9826582074165344
343,물,설탕,0.980918288230896
344,물,후춧가루,0.9802118539810181
345,물,홍고추,0.9801689982414246
346,물,대파,0.9798365831375122
347,물,청고추,0.9795806407928467
348,물,무,0.978066086769104
349,물,다진파,0.9778215289115906
350,물엿,소금,0.9671603441238403
351,물엿,참기름,0.9611945152282715
352,물엿,다진마늘,0.9611679315567017
353,물엿,설탕,0.961055338382721
354,물엿,홍고추,0.960597813129425
355,물엿,후춧가루,0.9604591131210327
356,물엿,청고추,0.9600545763969421
357,물엿,대파,0.9599919319152832
358,물엿,오이,0.9579651355743408
359,물엿,새우,0.9577285051345825
360,잣,소금,0.9503136277198792
361,잣,무,0.9487323760986328
362,잣,홍고추,0.9484252333641052
363,잣,다진마늘,0.947917640209198
364,잣,청고추,0.9468163251876831
365,잣,양파,0.9454246163368225
366,잣,설탕,0.9452697038650513
367,잣,대파,0.94526207447052
368,잣,참기름,0.944847047328949
369,잣,고춧가루,0.9443472623825073
370,식용유,소금,0.9856483340263367
371,식용유,다진마늘,0.9827146530151367
372,식용유,설탕,0.9823796153068542
373,식용유,후춧가루,0.982244610786438
374,식용유,참기름,0.9803974628448486
375,식용유,대파,0.9796630144119263
376,식용유,청고추,0.9787757396697998
377,식용유,홍고추,0.9784562587738037
378,식용유,고추장,0.9772592782974243
379,식용유,다진파,0.9770419597625732
380,대추,소금,0.9628785252571106
381,대추,설탕,0.961597740650177
382,대추,다진마늘,0.9591877460479736
383,대추,참기름,0.958660900592804
384,대추,대파,0.957771897315979
385,대추,미나리,0.9577186107635498
386,대추,후춧가루,0.9568006992340088
387,대추,홍고추,0.9564819931983948
388,대추,양파,0.95647132396698
389,대추,고춧가루,0.9559133052825928
390,간장,소금,0.9844776391983032
391,간장,후춧가루,0.9814780950546265
392,간장,설탕,0.9810603857040405
393,간장,청고추,0.9803603291511536
394,간장,다진마늘,0.9802051782608032
395,간장,참기름,0.9801136255264282
396,간장,대파,0.9778828620910645
397,간장,양파,0.977672815322876
398,간장,홍고추,0.977337121963501
399,간장,고추장,0.9763940572738647
400,우유,소금,0.9498352408409119
401,우유,참기름,0.9487728476524353
402,우유,다진마늘,0.9486070871353149
403,우유,설탕,0.9485692381858826
404,우유,후춧가루,0.9476143717765808
405,우유,홍고추,0.9470728635787964
406,우유,고춧가루,0.9467827081680298
407,우유,대파,0.9444625973701477
408,우유,물,0.9425615668296814
409,우유,청고추,0.9421551823616028
410,감자,소금,0.9638218879699707
411,감자,청고추,0.962814450263977
412,감자,참기름,0.962653636932373
413,감자,설탕,0.9622398018836975
414,감자,다진마늘,0.961945652961731
415,감자,홍고추,0.9616588354110718
416,감자,다진파,0.9585169553756714
417,감자,후춧가루,0.9579367637634277
418,감자,물,0.9549625515937805
419,감자,무,0.9548033475875854
420,완두콩,참기름,0.8989653587341309
421,완두콩,소금,0.898658037185669
422,완두콩,다진마늘,0.8983331918716431
423,완두콩,설탕,0.8969390392303467
424,완두콩,무,0.895561933517456
425,완두콩,대파,0.8948571681976318
426,완두콩,고춧가루,0.8943554162979126
427,완두콩,식용유,0.8919320702552795
428,완두콩,오이,0.8914127349853516
429,완두콩,고추장,0.8908975124359131
430,양파,소금,0.9856606125831604
431,양파,다진마늘,0.9817477464675903
432,양파,청고추,0.9811500310897827
433,양파,참기름,0.9810152053833008
434,양파,설탕,0.9808816909790039
435,양파,후춧가루,0.980384111404419
436,양파,고춧가루,0.9797719717025757
437,양파,홍고추,0.979102373123169
438,양파,대파,0.9782429933547974
439,양파,간장,0.977672815322876
440,오이,소금,0.9809936285018921
441,오이,설탕,0.980125904083252
442,오이,후춧가루,0.9797120094299316
443,오이,다진마늘,0.9774518609046936
444,오이,참기름,0.9762236475944519
445,오이,대파,0.9762035608291626
446,오이,홍고추,0.9759508967399597
447,오이,청고추,0.9752354621887207
448,오이,물,0.9745234251022339
449,오이,새우,0.9741173386573792
450,청피망,소금,0.955461859703064
451,청피망,다진마늘,0.9529403448104858
452,청피망,새우,0.9521673917770386
453,청피망,참기름,0.9518814086914062
454,청피망,설탕,0.951595664024353
455,청피망,식용유,0.9513638615608215
456,청피망,후춧가루,0.9511388540267944
457,청피망,무,0.9504608511924744
458,청피망,홍고추,0.9504531025886536
459,청피망,당근,0.949087917804718
460,후춧가루,소금,0.9915012121200562
461,후춧가루,참기름,0.9877104163169861
462,후춧가루,다진마늘,0.9875979423522949
463,후춧가루,설탕,0.9870538711547852
464,후춧가루,홍고추,0.9860368967056274
465,후춧가루,청고추,0.9850785732269287
466,후춧가루,대파,0.9846014976501465
467,후춧가루,고추장,0.98299640417099
468,후춧가루,고춧가루,0.9829020500183105
469,후춧가루,식용유,0.9822444319725037
470,다시마,소금,0.971215009689331
471,다시마,설탕,0.9694690704345703
472,다시마,다진마늘,0.9685879945755005
473,다시마,대파,0.9682514667510986
474,다시마,참기름,0.9677255153656006
475,다시마,고춧가루,0.9671134352684021
476,다시마,청고추,0.9670759439468384
477,다시마,홍고추,0.9666374325752258
478,다시마,간장,0.9663907289505005
479,다시마,식용유,0.9652888774871826
480,멸치,소금,0.9698086380958557
481,멸치,다진마늘,0.9667736291885376
482,멸치,참기름,0.9661853313446045
483,멸치,청고추,0.964722216129303
484,멸치,설탕,0.9645715951919556
485,멸치,후춧가루,0.9643640518188477
486,멸치,무,0.963546633720398
487,멸치,홍고추,0.9629875421524048
488,멸치,고춧가루,0.9619938731193542
489,멸치,미나리,0.9619936347007751
490,홍피망,다진마늘,0.9244669675827026
491,홍피망,소금,0.9212859869003296
492,홍피망,고춧가루,0.9204596281051636
493,홍피망,대파,0.918368935585022
494,홍피망,설탕,0.9183135032653809
495,홍피망,미나리,0.9173362851142883
496,홍피망,다진파,0.9167739748954773
497,홍피망,홍고추,0.916396975517273
498,홍피망,새우,0.9163358211517334
499,홍피망,후춧가루,0.9162410497665405
500,실파,소금,0.9801936149597168
501,실파,참기름,0.9771007299423218
502,실파,설탕,0.9755381345748901
503,실파,다진마늘,0.9748824238777161
504,실파,후춧가루,0.9745956063270569
505,실파,물,0.9701097011566162
506,실파,고춧가루,0.9696322679519653
507,실파,청고추,0.9695870876312256
508,실파,새우,0.9692585468292236
509,실파,대파,0.9692350625991821
510,밀가루,소금,0.9767600297927856
511,밀가루,설탕,0.9754644632339478
512,밀가루,후춧가루,0.973242998123169
513,밀가루,참기름,0.9722874760627747
514,밀가루,다진마늘,0.9720959663391113
515,밀가루,청고추,0.9707096815109253
516,밀가루,대파,0.9700990915298462
517,밀가루,무,0.9690147042274475
518,밀가루,홍고추,0.9685811400413513
519,밀가루,당근,0.9684237241744995
520,애호박,소금,0.962139368057251
521,애호박,설탕,0.9613122940063477
522,애호박,청고추,0.9596908092498779
523,애호박,다진마늘,0.9595009088516235
524,애호박,참기름,0.9588684439659119
525,애호박,후춧가루,0.9575034976005554
526,애호박,다진파,0.9570907354354858
527,애호박,고춧가루,0.9569584131240845
528,애호박,홍고추,0.9559060335159302
529,애호박,표고버섯,0.9554336071014404
530,식초,소금,0.9836007356643677
531,식초,후춧가루,0.9798036813735962
532,식초,다진마늘,0.9796410799026489
533,식초,설탕,0.9773581027984619
534,식초,참기름,0.9772113561630249
535,식초,홍고추,0.9762659072875977
536,식초,청고추,0.9758987426757812
537,식초,대파,0.9758009910583496
538,식초,고춧가루,0.9756723642349243
539,식초,물,0.9749664664268494
540,배,설탕,0.9608237743377686
541,배,소금,0.9577291011810303
542,배,고추장,0.9565840363502502
543,배,청고추,0.9548478126525879
544,배,후춧가루,0.9546017646789551
545,배,다진마늘,0.9538626074790955
546,배,참기름,0.9533461928367615
547,배,대파,0.9524712562561035
548,배,홍고추,0.9522508382797241
549,배,다진파,0.9511628150939941
550,국수,대파,0.6858981847763062
551,국수,참기름,0.680755615234375
552,국수,밤,0.6796061992645264
553,국수,식용유,0.6784826517105103
554,국수,소금,0.6781367063522339
555,국수,밥,0.6777794361114502
556,국수,청고추,0.6759831309318542
557,국수,마늘,0.6758256554603577
558,국수,홍고추,0.6753723621368408
559,국수,가지,0.675104558467865
560,대파,소금,0.9888424873352051
561,대파,다진마늘,0.984851598739624
562,대파,후춧가루,0.984601616859436
563,대파,참기름,0.9841266870498657
564,대파,설탕,0.9831796288490295
565,대파,홍고추,0.9822201132774353
566,대파,고춧가루,0.9817454218864441
567,대파,청고추,0.9813591837882996
568,대파,다진파,0.9800357818603516
569,대파,물,0.9798365831375122
570,다진생강,소금,0.9694910049438477
571,다진생강,무,0.967551052570343
572,다진생강,다진마늘,0.9671621918678284
573,다진생강,참기름,0.9668542742729187
574,다진생강,설탕,0.965961217880249
575,다진생강,홍고추,0.9649407863616943
576,다진생강,고추장,0.9639261364936829
577,다진생강,후춧가루,0.9635255336761475
578,다진생강,물,0.9629322290420532
579,다진생강,다진파,0.9623949527740479
580,찹쌀가루,소금,0.9403738975524902
581,찹쌀가루,설탕,0.9400387406349182
582,찹쌀가루,다진마늘,0.9399127960205078
583,찹쌀가루,홍고추,0.9393436312675476
584,찹쌀가루,참기름,0.9378198385238647
585,찹쌀가루,후춧가루,0.9366787672042847
586,찹쌀가루,간장,0.9339654445648193
587,찹쌀가루,고춧가루,0.9338773488998413
588,찹쌀가루,다진파,0.9336966872215271
589,찹쌀가루,청고추,0.9334436655044556
590,겨자,다진마늘,0.9288008809089661
591,겨자,소금,0.9284307956695557
592,겨자,물,0.9280941486358643
593,겨자,참기름,0.9255229234695435
594,겨자,설탕,0.9253252744674683
595,겨자,고춧가루,0.9230221509933472
596,겨자,홍고추,0.9228783845901489
597,겨자,후춧가루,0.9218733310699463
598,겨자,청고추,0.9209311008453369
599,겨자,무,0.9200494885444641
600,상추,참기름,0.954908549785614
601,상추,소금,0.9535984992980957
602,상추,고춧가루,0.9523504972457886
603,상추,다진마늘,0.9519197344779968
604,상추,설탕,0.9492974877357483
605,상추,후춧가루,0.9491684436798096
606,상추,대파,0.9488739371299744
607,상추,홍고추,0.9486116766929626
608,상추,무,0.947971522808075
609,상추,청고추,0.9474722146987915
610,깻잎,소금,0.9705550074577332
611,깻잎,다진마늘,0.967707097530365
612,깻잎,설탕,0.9673851728439331
613,깻잎,후춧가루,0.9656422734260559
614,깻잎,대파,0.9655925631523132
615,깻잎,참기름,0.9644995331764221
616,깻잎,청고추,0.9636954069137573
617,깻잎,홍고추,0.9626568555831909
618,깻잎,다진파,0.9624028205871582
619,깻잎,고춧가루,0.9613879323005676
620,오징어,소금,0.9442238211631775
621,오징어,청고추,0.9428403973579407
622,오징어,후춧가루,0.9405089020729065
623,오징어,고춧가루,0.9397179484367371
624,오징어,다진마늘,0.9392325282096863
625,오징어,설탕,0.9388333559036255
626,오징어,참기름,0.9380137324333191
627,오징어,홍고추,0.9373096227645874
628,오징어,미나리,0.9371470212936401
629,오징어,대파,0.9367641806602478
630,녹말가루,소금,0.951683521270752
631,녹말가루,다진마늘,0.949854850769043
632,녹말가루,참기름,0.9489467144012451
633,녹말가루,청고추,0.9467008709907532
634,녹말가루,홍고추,0.9465873837471008
635,녹말가루,설탕,0.9454024434089661
636,녹말가루,후춧가루,0.9448312520980835
637,녹말가루,무,0.9442645907402039
638,녹말가루,고춧가루,0.9439346194267273
639,녹말가루,고추장,0.9434556365013123
640,청주,소금,0.9761521816253662
641,청주,후춧가루,0.9741784334182739
642,청주,다진마늘,0.9740995764732361
643,청주,참기름,0.9731869697570801
644,청주,청고추,0.9729427099227905
645,청주,고춧가루,0.9711287021636963
646,청주,홍고추,0.9706338047981262
647,청주,설탕,0.9698638916015625
648,청주,대파,0.9697324633598328
649,청주,다진파,0.9696735739707947
650,새우,소금,0.9849782586097717
651,새우,참기름,0.9821287393569946
652,새우,다진마늘,0.9809352159500122
653,새우,홍고추,0.9801305532455444
654,새우,설탕,0.9800150990486145
655,새우,후춧가루,0.9797024726867676
656,새우,고춧가루,0.9777002334594727
657,새우,청고추,0.9768242835998535
658,새우,대파,0.976306140422821
659,새우,물,0.9755329489707947
660,홍합,소금,0.9436283111572266
661,홍합,후춧가루,0.9409751296043396
662,홍합,다진마늘,0.9404047727584839
663,홍합,당근,0.9391796588897705
664,홍합,청고추,0.9391270279884338
665,홍합,대파,0.9383326768875122
666,홍합,설탕,0.9379718899726868
667,홍합,홍고추,0.9375288486480713
668,홍합,식용유,0.93707275390625
669,홍합,참기름,0.9370226860046387
670,죽순,소금,0.9347217082977295
671,죽순,참기름,0.934179425239563
672,죽순,후춧가루,0.9326909780502319
673,죽순,설탕,0.9316611886024475
674,죽순,새우,0.9309917688369751
675,죽순,고추장,0.9304967522621155
676,죽순,다진마늘,0.9304100275039673
677,죽순,식용유,0.9299094080924988
678,죽순,청고추,0.9295825958251953
679,죽순,고춧가루,0.9290697574615479
680,만두피,애호박,0.5816763043403625
681,만두피,버터,0.5783987045288086
682,만두피,대파,0.5763623714447021
683,만두피,호박,0.5755794644355774
684,만두피,국간장,0.5744802951812744
685,만두피,오이,0.5740776658058167
686,만두피,고춧가루,0.5739290714263916
687,만두피,홍고추,0.5735398530960083
688,만두피,소금,0.5735083818435669
689,만두피,식용유,0.5730606913566589
690,육수,소금,0.9669643640518188
691,육수,설탕,0.9634290337562561
692,육수,후춧가루,0.9631155133247375
693,육수,참기름,0.9629878401756287
694,육수,다진마늘,0.9626365900039673
695,육수,홍고추,0.9612734913825989
696,육수,다진파,0.9609600305557251
697,육수,고춧가루,0.9598250389099121
698,육수,간장,0.9588406085968018
699,육수,대파,0.9580062627792358
700,김치,소금,0.9705958962440491
701,김치,후춧가루,0.9668745994567871
702,김치,설탕,0.9659825563430786
703,김치,홍고추,0.9652754068374634
704,김치,다진마늘,0.9652508497238159
705,김치,물,0.9646845459938049
706,김치,대파,0.9640907049179077
707,김치,무,0.9632580280303955
708,김치,참기름,0.9625996351242065
709,김치,청고추,0.9625653028488159
710,두부,소금,0.9716401100158691
711,두부,다진마늘,0.9679991602897644
712,두부,홍고추,0.9671880602836609
713,두부,설탕,0.9667938947677612
714,두부,청고추,0.9664904475212097
715,두부,참기름,0.9662388563156128
716,두부,후춧가루,0.9656087160110474
717,두부,미나리,0.9654012322425842
718,두부,대파,0.9649835824966431
719,두부,다진파,0.9634201526641846
720,모시조개,소금,0.925909161567688
721,모시조개,설탕,0.9245272278785706
722,모시조개,참기름,0.9234739542007446
723,모시조개,대파,0.9228339195251465
724,모시조개,새우,0.9211029410362244
725,모시조개,다진마늘,0.9206143617630005
726,모시조개,후춧가루,0.9200706481933594
727,모시조개,청고추,0.9189488291740417
728,모시조개,표고버섯,0.9171543717384338
729,모시조개,고춧가루,0.9161765575408936
730,무,소금,0.9864774346351624
731,무,다진마늘,0.9842028617858887
732,무,참기름,0.9823803305625916
733,무,후춧가루,0.982177734375
734,무,홍고추,0.9821630120277405
735,무,설탕,0.9820587635040283
736,무,청고추,0.9808380603790283
737,무,대파,0.9798167943954468
738,무,고춧가루,0.9789187908172607
739,무,물,0.978066086769104
740,다진쇠고기,소금,0.913416862487793
741,다진쇠고기,후춧가루,0.9110944271087646
742,다진쇠고기,설탕,0.9096970558166504
743,다진쇠고기,참기름,0.908266544342041
744,다진쇠고기,다진마늘,0.906139075756073
745,다진쇠고기,새우,0.9050629138946533
746,다진쇠고기,홍고추,0.9049632549285889
747,다진쇠고기,무,0.9046926498413086
748,다진쇠고기,식초,0.9033581018447876
749,다진쇠고기,고추장,0.9032130241394043
750,미역,다진마늘,0.7500450611114502
751,미역,소금,0.7475758194923401
752,미역,후춧가루,0.7474047541618347
753,미역,새우,0.7470577955245972
754,미역,홍고추,0.743983268737793
755,미역,느타리버섯,0.7439256906509399
756,미역,참기름,0.7432620525360107
757,미역,식용유,0.7430844902992249
758,미역,밥,0.742622971534729
759,미역,미나리,0.7425978183746338
760,쌀뜨물,다진파,0.8270013928413391
761,쌀뜨물,대파,0.822379469871521
762,쌀뜨물,소금,0.8223234415054321
763,쌀뜨물,홍고추,0.8208539485931396
764,쌀뜨물,팽이버섯,0.8206651210784912
765,쌀뜨물,양파,0.8194636106491089
766,쌀뜨물,식용유,0.8193788528442383
767,쌀뜨물,고추장,0.8192610740661621
768,쌀뜨물,고춧가루,0.818920373916626
769,쌀뜨물,후춧가루,0.8187276124954224
770,방울토마토,소금,0.9105127453804016
771,방울토마토,설탕,0.9096120595932007
772,방울토마토,다진마늘,0.9090845584869385
773,방울토마토,홍고추,0.9075654745101929
774,방울토마토,고춧가루,0.9075215458869934
775,방울토마토,새우,0.9055137634277344
776,방울토마토,양파,0.9052578806877136
777,방울토마토,참기름,0.90520840883255
778,방울토마토,대파,0.9046822786331177
779,방울토마토,간장,0.9043200016021729
780,올리브유,소금,0.9710040092468262
781,올리브유,대파,0.967415452003479
782,올리브유,다진마늘,0.967003345489502
783,올리브유,참기름,0.9667044281959534
784,올리브유,설탕,0.9666653275489807
785,올리브유,후춧가루,0.9665098786354065
786,올리브유,청고추,0.9664949774742126
787,올리브유,식용유,0.9646477699279785
788,올리브유,홍고추,0.9633221626281738
789,올리브유,당근,0.9630149602890015
790,레몬즙,미나리,0.8621276617050171
791,레몬즙,고춧가루,0.8606631755828857
792,레몬즙,소금,0.8606361746788025
793,레몬즙,다진마늘,0.8593748807907104
794,레몬즙,참기름,0.8586878180503845
795,레몬즙,다진파,0.858500599861145
796,레몬즙,청고추,0.8578320741653442
797,레몬즙,당근,0.8573623895645142
798,레몬즙,설탕,0.8569870591163635
799,레몬즙,무,0.8568830490112305
800,양송이버섯,소금,0.9554274678230286
801,양송이버섯,다진마늘,0.9528132677078247
802,양송이버섯,청고추,0.9520494341850281
803,양송이버섯,참기름,0.9519991874694824
804,양송이버섯,설탕,0.9517781734466553
805,양송이버섯,대파,0.9510997533798218
806,양송이버섯,다진파,0.949682354927063
807,양송이버섯,표고버섯,0.9493652582168579
808,양송이버섯,고춧가루,0.9491074681282043
809,양송이버섯,물,0.9489556550979614
810,샐러리,소금,0.9756908416748047
811,샐러리,다진마늘,0.973126232624054
812,샐러리,참기름,0.9723004698753357
813,샐러리,설탕,0.9721025228500366
814,샐러리,후춧가루,0.9718642830848694
815,샐러리,홍고추,0.9714155197143555
816,샐러리,고춧가루,0.9689116477966309
817,샐러리,고추장,0.9687846899032593
818,샐러리,양파,0.9683995246887207
819,샐러리,당근,0.9676730632781982
820,바질,소금,0.9205402135848999
821,바질,후춧가루,0.9171302318572998
822,바질,설탕,0.9161727428436279
823,바질,홍고추,0.9156320095062256
824,바질,다진마늘,0.9153060913085938
825,바질,참기름,0.9151052236557007
826,바질,식용유,0.9149202704429626
827,바질,청고추,0.9143444299697876
828,바질,당근,0.9137073755264282
829,바질,새우,0.9134494662284851
830,화이트와인,후춧가루,0.932000458240509
831,화이트와인,다진마늘,0.9318366050720215
832,화이트와인,설탕,0.9304903149604797
833,화이트와인,홍고추,0.9291367530822754
834,화이트와인,소금,0.9283938407897949
835,화이트와인,청고추,0.9275519251823425
836,화이트와인,고추장,0.9270709753036499
837,화이트와인,참기름,0.9262081384658813
838,화이트와인,고춧가루,0.9251906275749207
839,화이트와인,표고버섯,0.9245080351829529
840,계란노른자,다진마늘,0.9101166725158691
841,계란노른자,소금,0.9074640274047852
842,계란노른자,후춧가루,0.9071950316429138
843,계란노른자,물,0.9057226777076721
844,계란노른자,식용유,0.9048869609832764
845,계란노른자,식초,0.9030966758728027
846,계란노른자,설탕,0.902658998966217
847,계란노른자,홍고추,0.9012517929077148
848,계란노른자,청고추,0.9011807441711426
849,계란노른자,참기름,0.9011005759239197
850,꼬치,양파,0.6835955381393433
851,꼬치,당근,0.6796290874481201
852,꼬치,고추장,0.6788392066955566
853,꼬치,올리브유,0.6772434711456299
854,꼬치,김치,0.6753889322280884
855,꼬치,후춧가루,0.6749626398086548
856,꼬치,배,0.6733397841453552
857,꼬치,표고버섯,0.6705396175384521
858,꼬치,간장,0.6704607009887695
859,꼬치,오이,0.6704152226448059
860,느타리버섯,소금,0.9689834117889404
861,느타리버섯,다진마늘,0.9678566455841064
862,느타리버섯,참기름,0.9665970802307129
863,느타리버섯,홍고추,0.9661877751350403
864,느타리버섯,대파,0.9651127457618713
865,느타리버섯,다진파,0.9647402763366699
866,느타리버섯,후춧가루,0.9645667672157288
867,느타리버섯,고춧가루,0.9635704755783081
868,느타리버섯,청고추,0.9631909728050232
869,느타리버섯,설탕,0.9624225497245789
870,꿀,설탕,0.9529803991317749
871,꿀,소금,0.9509929418563843
872,꿀,참기름,0.9489454627037048
873,꿀,홍고추,0.9471835494041443
874,꿀,다진마늘,0.9471138715744019
875,꿀,표고버섯,0.9466454982757568
876,꿀,후춧가루,0.9462890028953552
877,꿀,식용유,0.9453912973403931
878,꿀,대파,0.9449598789215088
879,꿀,청고추,0.9445124268531799
880,생강즙,소금,0.9671398401260376
881,생강즙,다진마늘,0.9643500447273254
882,생강즙,참기름,0.9629405736923218
883,생강즙,설탕,0.9624346494674683
884,생강즙,후춧가루,0.961347222328186
885,생강즙,홍고추,0.9589926600456238
886,생강즙,고춧가루,0.9587033987045288
887,생강즙,무,0.9576327204704285
888,생강즙,대파,0.9575282335281372
889,생강즙,표고버섯,0.9570375680923462
890,피망,소금,0.9803152084350586
891,피망,설탕,0.9776455163955688
892,피망,청고추,0.9767462611198425
893,피망,참기름,0.9766321182250977
894,피망,다진마늘,0.9758740067481995
895,피망,홍고추,0.9755939841270447
896,피망,후춧가루,0.9753466844558716
897,피망,대파,0.9744037389755249
898,피망,표고버섯,0.9718669652938843
899,피망,고춧가루,0.9717510938644409
900,토마토케첩,소금,0.9682117104530334
901,토마토케첩,설탕,0.9659221172332764
902,토마토케첩,참기름,0.9658104181289673
903,토마토케첩,후춧가루,0.9656529426574707
904,토마토케첩,다진마늘,0.965493381023407
905,토마토케첩,홍고추,0.9630683660507202
906,토마토케첩,고추장,0.9626585841178894
907,토마토케첩,다진파,0.9621893167495728
908,토마토케첩,대파,0.9615579843521118
909,토마토케첩,청고추,0.9613910913467407
910,생강,소금,0.9637787342071533
911,생강,다진마늘,0.9618748426437378
912,생강,설탕,0.9605103135108948
913,생강,청고추,0.9582212567329407
914,생강,참기름,0.9581829905509949
915,생강,고추장,0.9576535820960999
916,생강,고춧가루,0.9568358659744263
917,생강,후춧가루,0.9568173885345459
918,생강,표고버섯,0.9562850594520569
919,생강,밥,0.9562047719955444
920,파프리카,소금,0.9586383700370789
921,파프리카,참기름,0.9556760191917419
922,파프리카,다진마늘,0.9544155597686768
923,파프리카,홍고추,0.9539904594421387
924,파프리카,설탕,0.9536596536636353
925,파프리카,청고추,0.9527745246887207
926,파프리카,식용유,0.9524173736572266
927,파프리카,후춧가루,0.952004611492157
928,파프리카,대파,0.951482355594635
929,파프리카,간장,0.9514575600624084
930,실고추,소금,0.8838578462600708
931,실고추,후춧가루,0.8811366558074951
932,실고추,당근,0.8803091049194336
933,실고추,다진파,0.8779703974723816
934,실고추,식용유,0.8779119849205017
935,실고추,참기름,0.877440869808197
936,실고추,홍고추,0.8769846558570862
937,실고추,설탕,0.8768659830093384
938,실고추,고춧가루,0.8756404519081116
939,실고추,다진마늘,0.8747885227203369
940,토마토,소금,0.9646174311637878
941,토마토,다진마늘,0.963692307472229
942,토마토,고추장,0.962120532989502
943,토마토,후춧가루,0.9611073732376099
944,토마토,참기름,0.9603321552276611
945,토마토,홍고추,0.9597342014312744
946,토마토,대파,0.959520161151886
947,토마토,고춧가루,0.9593088626861572
948,토마토,간장,0.9586117267608643
949,토마토,설탕,0.958403468132019
950,다진양파,소금,0.8371935486793518
951,다진양파,다진파,0.8363007307052612
952,다진양파,참기름,0.8337877988815308
953,다진양파,대파,0.8332020044326782
954,다진양파,미나리,0.8321080207824707
955,다진양파,후춧가루,0.831889808177948
956,다진양파,다진마늘,0.8315500020980835
957,다진양파,양파,0.8312474489212036
958,다진양파,무,0.8307340741157532
959,다진양파,식용유,0.8305859565734863
960,닭,소금,0.9565813541412354
961,닭,후춧가루,0.9550024271011353
962,닭,다진마늘,0.9545038342475891
963,닭,설탕,0.9539302587509155
964,닭,참기름,0.9536491632461548
965,닭,홍고추,0.952535092830658
966,닭,청고추,0.9520291686058044
967,닭,새우,0.9502226114273071
968,닭,고추장,0.9500256180763245
969,닭,대파,0.9489092230796814
970,고추,김치,0.7629782557487488
971,고추,물,0.7620073556900024
972,고추,고춧가루,0.7603515386581421
973,고추,후춧가루,0.7599220871925354
974,고추,소금,0.7559266090393066
975,고추,양파,0.75529944896698
976,고추,다진마늘,0.7539105415344238
977,고추,밀가루,0.7538588047027588
978,고추,피망,0.753838062286377
979,고추,홍고추,0.7530341148376465
980,파슬리가루,설탕,0.8896740674972534
981,파슬리가루,소금,0.8892346620559692
982,파슬리가루,다진마늘,0.8890396356582642
983,파슬리가루,후춧가루,0.8877303600311279
984,파슬리가루,표고버섯,0.8874311447143555
985,파슬리가루,청고추,0.8867771625518799
986,파슬리가루,고춧가루,0.8851649761199951
987,파슬리가루,대파,0.8850455284118652
988,파슬리가루,무,0.8848029375076294
989,파슬리가루,홍고추,0.8847177028656006
990,양배추,소금,0.9603530168533325
991,양배추,후춧가루,0.9587439894676208
992,양배추,다진마늘,0.9583884477615356
993,양배추,설탕,0.9569127559661865
994,양배추,참기름,0.9554741382598877
995,양배추,미나리,0.9551137685775757
996,양배추,무,0.9546418786048889
997,양배추,홍고추,0.9545010328292847
998,양배추,고춧가루,0.9544489979743958
999,양배추,고추장,0.9542457461357117
1000,밤,소금,0.969511091709137
1001,밤,설탕,0.9672433137893677
1002,밤,다진마늘,0.9666475057601929
1003,밤,후춧가루,0.9659856557846069
1004,밤,참기름,0.9639859199523926
1005,밤,청고추,0.9628332853317261
1006,밤,홍고추,0.9624156355857849
1007,밤,대파,0.9616142511367798
1008,밤,표고버섯,0.960567831993103
1009,밤,무,0.9599396586418152
1010,목이버섯,쑥갓,0.7670562267303467
1011,목이버섯,다진마늘,0.766548752784729
1012,목이버섯,소금,0.7639518976211548
1013,목이버섯,새우,0.7638625502586365
1014,목이버섯,된장,0.7633854150772095
1015,목이버섯,간장,0.7620292901992798
1016,목이버섯,참기름,0.7615972757339478
1017,목이버섯,피망,0.7610605955123901
1018,목이버섯,양파,0.7589022517204285
1019,목이버섯,가지,0.758415937423706
1020,월계수잎,고춧가루,0.7803657650947571
1021,월계수잎,참기름,0.7787551879882812
1022,월계수잎,다진파,0.7771180868148804
1023,월계수잎,청고추,0.7769426703453064
1024,월계수잎,다진마늘,0.7757887840270996
1025,월계수잎,고추장,0.7756932973861694
1026,월계수잎,설탕,0.7747125029563904
1027,월계수잎,소금,0.7746195197105408
1028,월계수잎,배,0.7743397951126099
1029,월계수잎,홍고추,0.7736934423446655
1030,통깨,소금,0.975290060043335
1031,통깨,다진마늘,0.9729488492012024
1032,통깨,참기름,0.9725409746170044
1033,통깨,설탕,0.9723040461540222
1034,통깨,청고추,0.9711514711380005
1035,통깨,후춧가루,0.9701710939407349
1036,통깨,홍고추,0.97013258934021
1037,통깨,고추장,0.9685066938400269
1038,통깨,새우,0.9683037996292114
1039,통깨,표고버섯,0.9678061008453369
1040,돼기고기,밀가루,0.731776237487793
1041,돼기고기,청주,0.7277650833129883
1042,돼기고기,당근,0.7268589735031128
1043,돼기고기,간장,0.7238494157791138
1044,돼기고기,소금,0.7236336469650269
1045,돼기고기,고춧가루,0.722665548324585
1046,돼기고기,무,0.7219643592834473
1047,돼기고기,식용유,0.7215555906295776
1048,돼기고기,고추장,0.7210280895233154
1049,돼기고기,후춧가루,0.7205352783203125
1050,버터,소금,0.9642252326011658
1051,버터,참기름,0.9628125429153442
1052,버터,설탕,0.9620640873908997
1053,버터,대파,0.9612522721290588
1054,버터,후춧가루,0.9609309434890747
1055,버터,다진마늘,0.9602965116500854
1056,버터,고춧가루,0.95794278383255
1057,버터,홍고추,0.9564052820205688
1058,버터,다진파,0.9561108946800232
1059,버터,식용유,0.955581784248352
1060,빵가루,참기름,0.8539156913757324
1061,빵가루,소금,0.8537503480911255
1062,빵가루,식용유,0.852940022945404
1063,빵가루,다진파,0.8522478938102722
1064,빵가루,고추장,0.8477637767791748
1065,빵가루,계란,0.8459197878837585
1066,빵가루,당근,0.8458916544914246
1067,빵가루,후춧가루,0.8458006978034973
1068,빵가루,설탕,0.8449313044548035
1069,빵가루,홍고추,0.8448517322540283
1070,은행,설탕,0.8544127941131592
1071,은행,양파,0.8533434867858887
1072,은행,후춧가루,0.8522800207138062
1073,은행,소금,0.851314902305603
1074,은행,다진마늘,0.8507953882217407
1075,은행,홍고추,0.8497974276542664
1076,은행,식용유,0.8492127060890198
1077,은행,무,0.8492121696472168
1078,은행,청고추,0.8490120768547058
1079,은행,참기름,0.8489856123924255
1080,갓,물,0.9179559350013733
1081,갓,소금,0.9175307750701904
1082,갓,후춧가루,0.9164307713508606
1083,갓,다진마늘,0.9149819612503052
1084,갓,참기름,0.9148634076118469
1085,갓,대파,0.9144629836082458
1086,갓,새우,0.914408802986145
1087,갓,다진파,0.9142810106277466
1088,갓,설탕,0.9137378334999084
1089,갓,청고추,0.912056565284729
1090,새우젓,다진마늘,0.8882226943969727
1091,새우젓,소금,0.8835955262184143
1092,새우젓,대파,0.8833819031715393
1093,새우젓,오이,0.8831425905227661
1094,새우젓,참기름,0.8827342987060547
1095,새우젓,식용유,0.8824781179428101
1096,새우젓,청고추,0.8817629814147949
1097,새우젓,후춧가루,0.8812825679779053
1098,새우젓,다진파,0.8805711269378662
1099,새우젓,식초,0.8799236416816711
1100,굴,소금,0.9521574378013611
1101,굴,설탕,0.9517794847488403
1102,굴,다진마늘,0.951539158821106
1103,굴,후춧가루,0.9497366547584534
1104,굴,참기름,0.9495213031768799
1105,굴,청고추,0.9480247497558594
1106,굴,고춧가루,0.9460652470588684
1107,굴,식용유,0.9456096887588501
1108,굴,대파,0.9456019997596741
1109,굴,홍고추,0.9438388347625732
1110,된장,소금,0.9572732448577881
1111,된장,참기름,0.9528600573539734
1112,된장,후춧가루,0.9524016380310059
1113,된장,다진마늘,0.9522769451141357
1114,된장,고춧가루,0.9522605538368225
1115,된장,홍고추,0.952217161655426
1116,된장,청고추,0.9510080814361572
1117,된장,설탕,0.9507681131362915
1118,된장,대파,0.9501619338989258
1119,된장,양파,0.9488092660903931
1120,배추,소금,0.9470712542533875
1121,배추,청고추,0.9419809579849243
1122,배추,다진마늘,0.9415102601051331
1123,배추,후춧가루,0.9408049583435059
1124,배추,참기름,0.940489649772644
1125,배추,다진파,0.9402768015861511
1126,배추,설탕,0.9394440650939941
1127,배추,홍고추,0.939226508140564
1128,배추,고춧가루,0.9391776323318481
1129,배추,새우,0.9387309551239014
1130,파슬리,홍고추,0.8416834473609924
1131,파슬리,대파,0.8408864736557007
1132,파슬리,식용유,0.8397976160049438
1133,파슬리,표고버섯,0.8376350402832031
1134,파슬리,소금,0.8374212980270386
1135,파슬리,간장,0.8365546464920044
1136,파슬리,참기름,0.8361210823059082
1137,파슬리,새우,0.835367739200592
1138,파슬리,다진마늘,0.8337904214859009
1139,파슬리,다진파,0.8336768746376038
1140,배추김치,양파,0.8893587589263916
1141,배추김치,소금,0.8878396153450012
1142,배추김치,표고버섯,0.8874937295913696
1143,배추김치,당근,0.8865485787391663
1144,배추김치,청고추,0.8865108489990234
1145,배추김치,미나리,0.8863769769668579
1146,배추김치,고춧가루,0.8860962390899658
1147,배추김치,설탕,0.8859614133834839
1148,배추김치,후춧가루,0.8850655555725098
1149,배추김치,다진마늘,0.885035514831543
1150,바지락,소금,0.9404746890068054
1151,바지락,참기름,0.9397428631782532
1152,바지락,후춧가루,0.9388011693954468
1153,바지락,홍고추,0.9383856654167175
1154,바지락,설탕,0.9374250173568726
1155,바지락,다진파,0.9368153810501099
1156,바지락,다진마늘,0.9361093640327454
1157,바지락,청고추,0.935130774974823
1158,바지락,대파,0.9350864291191101
1159,바지락,식용유,0.9346914291381836
1160,가래떡,다진마늘,0.9251338243484497
1161,가래떡,설탕,0.924868106842041
1162,가래떡,소금,0.9232213497161865
1163,가래떡,홍고추,0.9213495254516602
1164,가래떡,후춧가루,0.9212538003921509
1165,가래떡,대파,0.9207752346992493
1166,가래떡,참기름,0.9203405976295471
1167,가래떡,청고추,0.9180725812911987
1168,가래떡,물,0.9178524017333984
1169,가래떡,고춧가루,0.917588472366333
1170,배춧잎,무,0.7236748933792114
1171,배춧잎,밀가루,0.7235702276229858
1172,배춧잎,식용유,0.723462700843811
1173,배춧잎,설탕,0.7221488952636719
1174,배춧잎,청고추,0.7218774557113647
1175,배춧잎,소금,0.7207598090171814
1176,배춧잎,양파,0.720596432685852
1177,배춧잎,다진파,0.7204136252403259
1178,배춧잎,후춧가루,0.720213770866394
1179,배춧잎,고추장,0.7196011543273926
1180,단무지,다진파,0.732694149017334
1181,단무지,청고추,0.7302161455154419
1182,단무지,참기름,0.729468584060669
1183,단무지,소금,0.725525975227356
1184,단무지,다진마늘,0.7228527069091797
1185,단무지,밥,0.7222030758857727
1186,단무지,무,0.7220678329467773
1187,단무지,피망,0.721200704574585
1188,단무지,맛술,0.7201880216598511
1189,단무지,고추장,0.7201199531555176
1190,게맛살,참기름,0.906704306602478
1191,게맛살,설탕,0.9057952761650085
1192,게맛살,소금,0.9053838849067688
1193,게맛살,새우,0.9047132134437561
1194,게맛살,물,0.9031744003295898
1195,게맛살,고춧가루,0.9031097888946533
1196,게맛살,다진마늘,0.9030032753944397
1197,게맛살,고추장,0.9029388427734375
1198,게맛살,후춧가루,0.9029268622398376
1199,게맛살,미나리,0.9025535583496094
1200,술,육수,0.6300809979438782
1201,술,설탕,0.6281582117080688
1202,술,다진마늘,0.6264723539352417
1203,술,피망,0.6260033845901489
1204,술,양송이버섯,0.625669538974762
1205,술,오이,0.6246885061264038
1206,술,새우,0.6241558194160461
1207,술,대파,0.6228054761886597
1208,술,간장,0.6218858957290649
1209,술,후춧가루,0.6215624809265137
1210,쑥갓,소금,0.9658623337745667
1211,쑥갓,다진마늘,0.9653722047805786
1212,쑥갓,참기름,0.9650447964668274
1213,쑥갓,후춧가루,0.9637283086776733
1214,쑥갓,청고추,0.9617354273796082
1215,쑥갓,설탕,0.9604456424713135
1216,쑥갓,미나리,0.95903080701828
1217,쑥갓,고추장,0.9588449001312256
1218,쑥갓,홍고추,0.9581428170204163
1219,쑥갓,무,0.9578162431716919
1220,팽이버섯,소금,0.9696676731109619
1221,팽이버섯,후춧가루,0.965624213218689
1222,팽이버섯,다진마늘,0.9652429819107056
1223,팽이버섯,대파,0.9648950099945068
1224,팽이버섯,설탕,0.9642334580421448
1225,팽이버섯,참기름,0.9641118049621582
1226,팽이버섯,청고추,0.9635928273200989
1227,팽이버섯,양파,0.9630492329597473
1228,팽이버섯,홍고추,0.9621797800064087
1229,팽이버섯,고추장,0.9606231451034546
1230,어묵,물,0.7760796546936035
1231,어묵,가지,0.7758633494377136
1232,어묵,양파,0.7706035375595093
1233,어묵,소금,0.7704247236251831
1234,어묵,참기름,0.7691752910614014
1235,어묵,계란,0.7691450119018555
1236,어묵,후춧가루,0.7683571577072144
1237,어묵,오이,0.7670654058456421
1238,어묵,간장,0.7669010162353516
1239,어묵,식초,0.7666428089141846
1240,낙지,대파,0.9485700726509094
1241,낙지,소금,0.9473140239715576
1242,낙지,다진마늘,0.9441684484481812
1243,낙지,참기름,0.9440922141075134
1244,낙지,청고추,0.9437098503112793
1245,낙지,양파,0.9433555006980896
1246,낙지,무,0.9433361291885376
1247,낙지,후춧가루,0.9426841735839844
1248,낙지,설탕,0.9414488077163696
1249,낙지,고춧가루,0.9403648376464844
1250,김,소금,0.9626123309135437
1251,김,다진마늘,0.9601942896842957
1252,김,물,0.9594934582710266
1253,김,참기름,0.959072470664978
1254,김,설탕,0.9586161971092224
1255,김,홍고추,0.9565930366516113
1256,김,후춧가루,0.9562631249427795
1257,김,대파,0.956169843673706
1258,김,무,0.9560211300849915
1259,김,청고추,0.9557911157608032
1260,후추,소금,0.9673118591308594
1261,후추,다진마늘,0.961771547794342
1262,후추,홍고추,0.9611872434616089
1263,후추,후춧가루,0.9610108137130737
1264,후추,무,0.9606838822364807
1265,후추,설탕,0.9601088762283325
1266,후추,참기름,0.9600958824157715
1267,후추,대파,0.9592542052268982
1268,후추,고춧가루,0.9586370587348938
1269,후추,청고추,0.9576288461685181
1270,말린표고버섯,양파,0.7561412453651428
1271,말린표고버섯,간장,0.7555458545684814
1272,말린표고버섯,청주,0.754995584487915
1273,말린표고버섯,소금,0.7530041933059692
1274,말린표고버섯,청고추,0.7528053522109985
1275,말린표고버섯,다진마늘,0.7519930601119995
1276,말린표고버섯,대파,0.7519921064376831
1277,말린표고버섯,두부,0.7514230608940125
1278,말린표고버섯,물,0.7513960003852844
1279,말린표고버섯,미나리,0.7510653734207153
1280,참치,대파,0.8362941741943359
1281,참치,홍고추,0.8317553997039795
1282,참치,소금,0.8314031362533569
1283,참치,미나리,0.8307667970657349
1284,참치,다진마늘,0.8306964039802551
1285,참치,참기름,0.8300858736038208
1286,참치,설탕,0.8298216462135315
1287,참치,양파,0.8283633589744568
1288,참치,후춧가루,0.8282639980316162
1289,참치,식초,0.8265424966812134
1290,꽁치,두부,0.6153979301452637
1291,꽁치,마늘,0.6121830940246582
1292,꽁치,대추,0.6118456125259399
1293,꽁치,홍고추,0.6107203960418701
1294,꽁치,쑥갓,0.6080144643783569
1295,꽁치,느타리버섯,0.6078442335128784
1296,꽁치,청고추,0.6077440977096558
1297,꽁치,식초,0.6076460480690002
1298,꽁치,설탕,0.607441782951355
1299,꽁치,후춧가루,0.6065406799316406
1300,햄,소금,0.9487514495849609
1301,햄,설탕,0.9478423595428467
1302,햄,후춧가루,0.9461636543273926
1303,햄,다진마늘,0.9439118504524231
1304,햄,참기름,0.9437083005905151
1305,햄,계란,0.9426594972610474
1306,햄,대파,0.9425495862960815
1307,햄,미나리,0.9421712160110474
1308,햄,다진파,0.9418957233428955
1309,햄,고추장,0.9417968988418579
1310,치커리,설탕,0.8984800577163696
1311,치커리,소금,0.8940795660018921
1312,치커리,다진마늘,0.891494870185852
1313,치커리,홍고추,0.8903714418411255
1314,치커리,청고추,0.889801561832428
1315,치커리,참기름,0.8897032737731934
1316,치커리,실파,0.8894609212875366
1317,치커리,후춧가루,0.8892356157302856
1318,치커리,대파,0.8891275525093079
1319,치커리,간장,0.8889403343200684
1320,맛술,소금,0.9686461687088013
1321,맛술,참기름,0.9663486480712891
1322,맛술,다진마늘,0.9660525321960449
1323,맛술,설탕,0.9658259153366089
1324,맛술,후춧가루,0.965296745300293
1325,맛술,홍고추,0.9644765853881836
1326,맛술,청고추,0.9628919363021851
1327,맛술,대파,0.9625190496444702
1328,맛술,다진파,0.961616039276123
1329,맛술,미나리,0.9604218602180481
1330,다시물,소금,0.9117438793182373
1331,다시물,양파,0.9074248671531677
1332,다시물,설탕,0.9070041179656982
1333,다시물,청고추,0.9068589210510254
1334,다시물,다진마늘,0.9065479040145874
1335,다시물,대파,0.9049748182296753
1336,다시물,무,0.9049201011657715
1337,다시물,후춧가루,0.9040454626083374
1338,다시물,홍고추,0.9039233922958374
1339,다시물,참기름,0.9037851691246033
1340,와사비,참기름,0.8448518514633179
1341,와사비,청고추,0.8395618200302124
1342,와사비,소금,0.8386753797531128
1343,와사비,다진마늘,0.8386651873588562
1344,와사비,청주,0.8359889984130859
1345,와사비,깨소금,0.8352941274642944
1346,와사비,마늘,0.8351565003395081
1347,와사비,고춧가루,0.8349053263664246
1348,와사비,가지,0.8345352411270142
1349,와사비,후춧가루,0.8342986106872559
1350,마른고추,물,0.6870676279067993
1351,마른고추,설탕,0.684422492980957
1352,마른고추,깻잎,0.6817941069602966
1353,마른고추,다진마늘,0.6790806651115417
1354,마른고추,통깨,0.6785846948623657
1355,마른고추,후춧가루,0.6783050894737244
1356,마른고추,양파,0.6782844066619873
1357,마른고추,샐러리,0.6782419681549072
1358,마른고추,표고버섯,0.6781055927276611
1359,마른고추,대파,0.6769012212753296
1360,미림,소금,0.9308019876480103
1361,미림,설탕,0.9288830757141113
1362,미림,다진파,0.9259429574012756
1363,미림,오이,0.9255501627922058
1364,미림,참기름,0.9251570701599121
1365,미림,홍고추,0.9251471757888794
1366,미림,무,0.9235385060310364
1367,미림,간장,0.9234082102775574
1368,미림,다진마늘,0.9228508472442627
1369,미림,후춧가루,0.922044038772583
1370,고등어,다진마늘,0.9260666966438293
1371,고등어,후춧가루,0.9253952503204346
1372,고등어,소금,0.9253247976303101
1373,고등어,설탕,0.9251106381416321
1374,고등어,대파,0.9247235655784607
1375,고등어,홍고추,0.923778772354126
1376,고등어,식용유,0.9237004518508911
1377,고등어,청고추,0.9225038290023804
1378,고등어,참기름,0.9214850664138794
1379,고등어,다진파,0.920621931552887
1380,가지,소금,0.9738239645957947
1381,가지,참기름,0.9701727628707886
1382,가지,후춧가루,0.9699193239212036
1383,가지,다진마늘,0.9698683023452759
1384,가지,설탕,0.9686703681945801
1385,가지,홍고추,0.9669691920280457
1386,가지,미나리,0.9666399955749512
1387,가지,대파,0.9664195775985718
1388,가지,다진파,0.9663490056991577
1389,가지,무,0.9663287401199341
1390,소면,올리브유,0.6040335893630981
1391,소면,맛술,0.6032300591468811
1392,소면,두부,0.601659893989563
1393,소면,후춧가루,0.5999072790145874
1394,소면,깻잎,0.5994617938995361
1395,소면,식초,0.5986030101776123
1396,소면,소금,0.5982771515846252
1397,소면,육수,0.5977139472961426
1398,소면,청고추,0.5970098972320557
1399,소면,밤,0.5968271493911743
1400,베이컨,물,0.8984662294387817
1401,베이컨,소금,0.897588849067688
1402,베이컨,홍고추,0.8966145515441895
1403,베이컨,대파,0.8962619304656982
1404,베이컨,참기름,0.8961527943611145
1405,베이컨,설탕,0.8949286937713623
1406,베이컨,청고추,0.8942524790763855
1407,베이컨,다진마늘,0.8930433988571167
1408,베이컨,고추장,0.8929730653762817
1409,베이컨,다진파,0.8929274678230286
1410,생크림,소금,0.9263283610343933
1411,생크림,다진마늘,0.9260832071304321
1412,생크림,청고추,0.925559937953949
1413,생크림,참기름,0.9251478314399719
1414,생크림,후춧가루,0.9242424964904785
1415,생크림,고춧가루,0.9227308630943298
1416,생크림,홍고추,0.9225868582725525
1417,생크림,다진파,0.9225385189056396
1418,생크림,양파,0.9210618138313293
1419,생크림,설탕,0.9189990758895874
1420,스파게티,참기름,0.8404925465583801
1421,스파게티,느타리버섯,0.8403127789497375
1422,스파게티,홍고추,0.8386933207511902
1423,스파게티,설탕,0.837289571762085
1424,스파게티,소금,0.8361873030662537
1425,스파게티,새우,0.8354973196983337
1426,스파게티,다진파,0.8351545333862305
1427,스파게티,계란,0.8351336717605591
1428,스파게티,물,0.8324711322784424
1429,스파게티,후춧가루,0.8323899507522583
1430,닭고기,청고추,0.8572419285774231
1431,닭고기,소금,0.8552514314651489
1432,닭고기,참기름,0.8546064496040344
1433,닭고기,식초,0.8537313342094421
1434,닭고기,설탕,0.8532241582870483
1435,닭고기,후춧가루,0.8519273996353149
1436,닭고기,물,0.8499206304550171
1437,닭고기,오이,0.8497442603111267
1438,닭고기,무,0.8492684960365295
1439,닭고기,다진마늘,0.8489917516708374
1440,양상추,소금,0.9381678700447083
1441,양상추,참기름,0.9363611340522766
1442,양상추,다진마늘,0.9337410926818848
1443,양상추,설탕,0.9326573014259338
1444,양상추,청고추,0.9319804906845093
1445,양상추,물,0.9318086504936218
1446,양상추,다진파,0.931747317314148
1447,양상추,당근,0.931520402431488
1448,양상추,후춧가루,0.9302896857261658
1449,양상추,고춧가루,0.9301135540008545
1450,머스터드,다진마늘,0.9613783359527588
1451,머스터드,소금,0.959831953048706
1452,머스터드,설탕,0.9596168994903564
1453,머스터드,청고추,0.9588899612426758
1454,머스터드,참기름,0.9567543864250183
1455,머스터드,후춧가루,0.9561319351196289
1456,머스터드,대파,0.9558571577072144
1457,머스터드,미나리,0.9558485746383667
1458,머스터드,식용유,0.9543161392211914
1459,머스터드,무,0.9536545276641846
1460,마요네즈,설탕,0.9395768642425537
1461,마요네즈,소금,0.9392040967941284
1462,마요네즈,참기름,0.93707674741745
1463,마요네즈,청고추,0.9366986155509949
1464,마요네즈,물,0.9358533024787903
1465,마요네즈,대파,0.9357243776321411
1466,마요네즈,다진마늘,0.9356441497802734
1467,마요네즈,후춧가루,0.9346168637275696
1468,마요네즈,식용유,0.933234691619873
1469,마요네즈,오이,0.9324514865875244
1470,사과,홍고추,0.8247548341751099
1471,사과,오이,0.8246878385543823
1472,사과,미나리,0.8229415416717529
1473,사과,물,0.822879433631897
1474,사과,마늘,0.8227415680885315
1475,사과,후춧가루,0.8224164247512817
1476,사과,다진마늘,0.8219263553619385
1477,사과,설탕,0.8218992948532104
1478,사과,감자,0.8212438225746155
1479,사과,표고버섯,0.8205826282501221
1480,시금치,소금,0.9552620649337769
1481,시금치,참기름,0.9511611461639404
1482,시금치,다진마늘,0.9499722719192505
1483,시금치,고춧가루,0.9497301578521729
1484,시금치,청고추,0.9486227035522461
1485,시금치,후춧가루,0.9484217166900635
1486,시금치,설탕,0.9482583999633789
1487,시금치,무,0.9481042623519897
1488,시금치,홍고추,0.9471984505653381
1489,시금치,대파,0.9461738467216492
1490,무순,소금,0.9455185532569885
1491,무순,청고추,0.9453823566436768
1492,무순,참기름,0.9423336982727051
1493,무순,다진마늘,0.9401077628135681
1494,무순,물,0.9394357204437256
1495,무순,다진파,0.9384266138076782
1496,무순,설탕,0.9380139708518982
1497,무순,고춧가루,0.937893271446228
1498,무순,후춧가루,0.9378448724746704
1499,무순,대파,0.9376002550125122
1500,브로콜리,홍고추,0.7491545677185059
1501,브로콜리,다진마늘,0.7479933500289917
1502,브로콜리,느타리버섯,0.7471579313278198
1503,브로콜리,새우,0.7450327277183533
1504,브로콜리,소금,0.7442145943641663
1505,브로콜리,닭,0.7437586784362793
1506,브로콜리,미나리,0.7436046600341797
1507,브로콜리,참기름,0.7433041334152222
1508,브로콜리,다진파,0.7428339123725891
1509,브로콜리,두부,0.7421610355377197
1510,들기름,무,0.803560733795166
1511,들기름,후춧가루,0.7971632480621338
1512,들기름,소금,0.7970949411392212
1513,들기름,참기름,0.7965481877326965
1514,들기름,피망,0.794216513633728
1515,들기름,대파,0.793708324432373
1516,들기름,굴,0.7934666872024536
1517,들기름,다진파,0.792046308517456
1518,들기름,진간장,0.792041540145874
1519,들기름,생강,0.7915763258934021
1520,정종,참기름,0.8972489237785339
1521,정종,느타리버섯,0.8972082734107971
1522,정종,청고추,0.8957675695419312
1523,정종,표고버섯,0.8954071998596191
1524,정종,후춧가루,0.8952731490135193
1525,정종,소금,0.8952590823173523
1526,정종,양파,0.8951647281646729
1527,정종,밥,0.8945955038070679
1528,정종,홍고추,0.8942240476608276
1529,정종,다진파,0.8931073546409607
1530,굴소스,소금,0.966995120048523
1531,굴소스,다진마늘,0.9655947089195251
1532,굴소스,설탕,0.9650031924247742
1533,굴소스,참기름,0.9630002975463867
1534,굴소스,청고추,0.9629131555557251
1535,굴소스,후춧가루,0.9620823264122009
1536,굴소스,대파,0.9614537954330444
1537,굴소스,홍고추,0.9612348675727844
1538,굴소스,고춧가루,0.9607774019241333
1539,굴소스,물,0.9599515199661255
1540,국멸치,밥,0.8782171607017517
1541,국멸치,대파,0.8771686553955078
1542,국멸치,소금,0.8768182396888733
1543,국멸치,참기름,0.8761426210403442
1544,국멸치,설탕,0.875145673751831
1545,국멸치,오이,0.8750237226486206
1546,국멸치,새우,0.87479567527771
1547,국멸치,후춧가루,0.8747942447662354
1548,국멸치,다진마늘,0.8732502460479736
1549,국멸치,고추장,0.873106837272644
1550,풋고추,홍고추,0.8493692874908447
1551,풋고추,소금,0.8487560749053955
1552,풋고추,다진마늘,0.8456543684005737
1553,풋고추,무,0.844387948513031
1554,풋고추,설탕,0.8442075848579407
1555,풋고추,다진파,0.8439924120903015
1556,풋고추,표고버섯,0.8429341316223145
1557,풋고추,청고추,0.8420913219451904
1558,풋고추,참기름,0.841431200504303
1559,풋고추,식초,0.840351402759552
1560,레몬,설탕,0.8350236415863037
1561,레몬,소금,0.8337529897689819
1562,레몬,참기름,0.8335371017456055
1563,레몬,새우,0.8327994346618652
1564,레몬,무,0.8310638666152954
1565,레몬,청고추,0.8308365345001221
1566,레몬,다진마늘,0.8292961120605469
1567,레몬,당근,0.828423023223877
1568,레몬,식용유,0.8271194100379944
1569,레몬,실파,0.8269216418266296
1570,고구마,무,0.8092384338378906
1571,고구마,소금,0.8061187267303467
1572,고구마,당근,0.8057681918144226
1573,고구마,식용유,0.8031449317932129
1574,고구마,피망,0.8027254939079285
1575,고구마,계란,0.8016446828842163
1576,고구마,다진파,0.8016135692596436
1577,고구마,물,0.8009991645812988
1578,고구마,설탕,0.8005067110061646
1579,고구마,참기름,0.7985550165176392
1580,모짜렐라치즈,고추장,0.82325279712677
1581,모짜렐라치즈,미나리,0.8213340044021606
1582,모짜렐라치즈,표고버섯,0.8198540210723877
1583,모짜렐라치즈,설탕,0.8195173740386963
1584,모짜렐라치즈,다진마늘,0.8188543319702148
1585,모짜렐라치즈,소금,0.8187860250473022
1586,모짜렐라치즈,대파,0.8184064030647278
1587,모짜렐라치즈,식용유,0.8182955980300903
1588,모짜렐라치즈,청고추,0.8179871439933777
1589,모짜렐라치즈,밀가루,0.8176736831665039
1590,조미술,설탕,0.7460390329360962
1591,조미술,청고추,0.743735671043396
1592,조미술,물,0.7425241470336914
1593,조미술,소금,0.7416424751281738
1594,조미술,홍고추,0.741439163684845
1595,조미술,계란,0.7393835186958313
1596,조미술,고춧가루,0.7391654849052429
1597,조미술,무,0.7383352518081665
1598,조미술,호박,0.7383246421813965
1599,조미술,고추장,0.7382833957672119
1600,새송이버섯,참기름,0.8863399028778076
1601,새송이버섯,소금,0.8855298757553101
1602,새송이버섯,다진마늘,0.8852503895759583
1603,새송이버섯,대파,0.884958028793335
1604,새송이버섯,표고버섯,0.884672999382019
1605,새송이버섯,설탕,0.8824816942214966
1606,새송이버섯,미나리,0.8820452690124512
1607,새송이버섯,후춧가루,0.8819870948791504
1608,새송이버섯,고추장,0.8817967772483826
1609,새송이버섯,양파,0.8812549114227295
1610,단호박,고추장,0.706821084022522
1611,단호박,참기름,0.704261302947998
1612,단호박,후춧가루,0.7025564908981323
1613,단호박,다진마늘,0.7025171518325806
1614,단호박,양파,0.7025113701820374
1615,단호박,설탕,0.7020524740219116
1616,단호박,소금,0.7016520500183105
1617,단호박,식초,0.7009434700012207
1618,단호박,계란,0.6996598839759827
1619,단호박,홍고추,0.6990265250205994
1620,쪽파,당근,0.81981360912323
1621,쪽파,설탕,0.8182251453399658
1622,쪽파,밥,0.8169434666633606
1623,쪽파,후춧가루,0.816188395023346
1624,쪽파,다진파,0.8143975734710693
1625,쪽파,무,0.8140279054641724
1626,쪽파,다진생강,0.8139165043830872
1627,쪽파,소금,0.8134839534759521
1628,쪽파,김치,0.8113676905632019
1629,쪽파,토마토케첩,0.8105226159095764
